{"client_meta":{"background_color":{"r":0.11764705926179886,"g":0.11764705926179886,"b":0.11764705926179886,"a":1},"thumbnail_size":{"width":235,"height":400},"render_coordinates":{"x":-2702,"y":-3378,"width":3907,"height":6643}},"file_name":"Workers - Taks Management website"}